"","mean","median","min","max","order","ind_chr","id","chr"
"1",2.11065798939701,2.07052427169137,42001,247000,1,"phal_FIL20_105_A_M2_1_Chr01","phal_FIL20_105_A_M2_1","Chr01"
"2",2.15415034449969,2.08575380733736,82001,287000,2,"phal_FIL20_105_A_M2_1_Chr01","phal_FIL20_105_A_M2_1","Chr01"
"3",2.14404730045886,2.08575380733736,122001,327000,3,"phal_FIL20_105_A_M2_1_Chr01","phal_FIL20_105_A_M2_1","Chr01"
"4",2.13265192357607,2.06305587305766,202001,367000,4,"phal_FIL20_105_A_M2_1_Chr01","phal_FIL20_105_A_M2_1","Chr01"
"5",2.11286138119277,2.02877692292338,242001,407000,5,"phal_FIL20_105_A_M2_1_Chr01","phal_FIL20_105_A_M2_1","Chr01"
"6",2.05687695128173,2.02877692292338,282001,447000,6,"phal_FIL20_105_A_M2_1_Chr01","phal_FIL20_105_A_M2_1","Chr01"
"7",1.97515581992224,1.96410316114118,322001,487000,7,"phal_FIL20_105_A_M2_1_Chr01","phal_FIL20_105_A_M2_1","Chr01"
"8",1.99053672272984,2.02877692292338,362001,527000,8,"phal_FIL20_105_A_M2_1_Chr01","phal_FIL20_105_A_M2_1","Chr01"
"9",2.0130590139824,2.03368921571496,402001,567000,9,"phal_FIL20_105_A_M2_1_Chr01","phal_FIL20_105_A_M2_1","Chr01"
"10",2.03398052610143,2.04673392346237,442001,607000,10,"phal_FIL20_105_A_M2_1_Chr01","phal_FIL20_105_A_M2_1","Chr01"
"11",2.04071208081641,2.06871072173634,482001,647000,11,"phal_FIL20_105_A_M2_1_Chr01","phal_FIL20_105_A_M2_1","Chr01"
"12",2.09280380428854,2.08039169703725,522001,687000,12,"phal_FIL20_105_A_M2_1_Chr01","phal_FIL20_105_A_M2_1","Chr01"
"13",2.08638783582558,2.08039169703725,562001,727000,13,"phal_FIL20_105_A_M2_1_Chr01","phal_FIL20_105_A_M2_1","Chr01"
"14",2.04234284778385,2.06871072173634,602001,767000,14,"phal_FIL20_105_A_M2_1_Chr01","phal_FIL20_105_A_M2_1","Chr01"
"15",2.00106102443738,2.00160937340016,642001,847000,15,"phal_FIL20_105_A_M2_1_Chr01","phal_FIL20_105_A_M2_1","Chr01"
"16",2.01267345611795,2.00160937340016,682001,887000,16,"phal_FIL20_105_A_M2_1_Chr01","phal_FIL20_105_A_M2_1","Chr01"
"17",1.9422648781,1.92116343897756,722001,927000,17,"phal_FIL20_105_A_M2_1_Chr01","phal_FIL20_105_A_M2_1","Chr01"
"18",1.91652532066736,1.87291158623699,762001,967000,18,"phal_FIL20_105_A_M2_1_Chr01","phal_FIL20_105_A_M2_1","Chr01"
"19",1.93370692150118,1.87291158623699,842001,1007000,19,"phal_FIL20_105_A_M2_1_Chr01","phal_FIL20_105_A_M2_1","Chr01"
"20",1.93675140063828,1.87752400068955,882001,1047000,20,"phal_FIL20_105_A_M2_1_Chr01","phal_FIL20_105_A_M2_1","Chr01"
"21",2.00641885076122,1.87752400068955,922001,1087000,21,"phal_FIL20_105_A_M2_1_Chr01","phal_FIL20_105_A_M2_1","Chr01"
"22",2.0480933719326,1.99616872353507,962001,1127000,22,"phal_FIL20_105_A_M2_1_Chr01","phal_FIL20_105_A_M2_1","Chr01"
"23",2.07067278286879,1.99616872353507,1002001,1167000,23,"phal_FIL20_105_A_M2_1_Chr01","phal_FIL20_105_A_M2_1","Chr01"
"24",2.092779528423,1.99616872353507,1042001,1207000,24,"phal_FIL20_105_A_M2_1_Chr01","phal_FIL20_105_A_M2_1","Chr01"
"25",2.12532489615932,2.04025083937115,1082001,1247000,25,"phal_FIL20_105_A_M2_1_Chr01","phal_FIL20_105_A_M2_1","Chr01"
"26",2.0561543872839,2.04025083937115,1122001,1287000,26,"phal_FIL20_105_A_M2_1_Chr01","phal_FIL20_105_A_M2_1","Chr01"
"27",2.0367893865436,2.04025083937115,1162001,1327000,27,"phal_FIL20_105_A_M2_1_Chr01","phal_FIL20_105_A_M2_1","Chr01"
"28",2.01115978450194,2.04025083937115,1202001,1367000,28,"phal_FIL20_105_A_M2_1_Chr01","phal_FIL20_105_A_M2_1","Chr01"
"29",2.01744009371629,2.04025083937115,1242001,1407000,29,"phal_FIL20_105_A_M2_1_Chr01","phal_FIL20_105_A_M2_1","Chr01"
"30",2.05451648035601,2.14093856167768,1282001,1447000,30,"phal_FIL20_105_A_M2_1_Chr01","phal_FIL20_105_A_M2_1","Chr01"
"31",2.03892137873483,2.06296305357177,1322001,1487000,31,"phal_FIL20_105_A_M2_1_Chr01","phal_FIL20_105_A_M2_1","Chr01"
"32",2.08469709319034,2.1282222921111,1362001,1527000,32,"phal_FIL20_105_A_M2_1_Chr01","phal_FIL20_105_A_M2_1","Chr01"
"33",2.13103829251372,2.1282222921111,1402001,1567000,33,"phal_FIL20_105_A_M2_1_Chr01","phal_FIL20_105_A_M2_1","Chr01"
"34",2.10850172134024,2.08936662732652,1442001,1607000,34,"phal_FIL20_105_A_M2_1_Chr01","phal_FIL20_105_A_M2_1","Chr01"
"35",2.08178684530974,2.08936662732652,1482001,1647000,35,"phal_FIL20_105_A_M2_1_Chr01","phal_FIL20_105_A_M2_1","Chr01"
"36",2.05647854148846,2.08936662732652,1522001,1687000,36,"phal_FIL20_105_A_M2_1_Chr01","phal_FIL20_105_A_M2_1","Chr01"
"37",2.06931190640647,2.08936662732652,1562001,1727000,37,"phal_FIL20_105_A_M2_1_Chr01","phal_FIL20_105_A_M2_1","Chr01"
"38",2.04958990764352,2.03632386112207,1602001,1767000,38,"phal_FIL20_105_A_M2_1_Chr01","phal_FIL20_105_A_M2_1","Chr01"
"39",2.06752977227743,2.09205839241726,1642001,1807000,39,"phal_FIL20_105_A_M2_1_Chr01","phal_FIL20_105_A_M2_1","Chr01"
"40",2.04775208182295,1.99316994014486,1682001,1847000,40,"phal_FIL20_105_A_M2_1_Chr01","phal_FIL20_105_A_M2_1","Chr01"
"41",2.10481750174656,2.12602318429161,1722001,1887000,41,"phal_FIL20_105_A_M2_1_Chr01","phal_FIL20_105_A_M2_1","Chr01"
"42",2.0805816199853,2.07120970789485,1762001,1927000,42,"phal_FIL20_105_A_M2_1_Chr01","phal_FIL20_105_A_M2_1","Chr01"
"43",2.11195175023107,2.12602318429161,1802001,1967000,43,"phal_FIL20_105_A_M2_1_Chr01","phal_FIL20_105_A_M2_1","Chr01"
"44",2.06714992638134,2.07120970789485,1842001,2007000,44,"phal_FIL20_105_A_M2_1_Chr01","phal_FIL20_105_A_M2_1","Chr01"
"45",2.07849532354097,2.07120970789485,1882001,2047000,45,"phal_FIL20_105_A_M2_1_Chr01","phal_FIL20_105_A_M2_1","Chr01"
"46",2.06084248531726,2.07120970789485,1922001,2087000,46,"phal_FIL20_105_A_M2_1_Chr01","phal_FIL20_105_A_M2_1","Chr01"
"47",2.06002138986518,2.06710423063444,1962001,2127000,47,"phal_FIL20_105_A_M2_1_Chr01","phal_FIL20_105_A_M2_1","Chr01"
"48",2.0236361513973,2.049896925943,2002001,2167000,48,"phal_FIL20_105_A_M2_1_Chr01","phal_FIL20_105_A_M2_1","Chr01"
"49",2.04506460070849,2.049896925943,2042001,2247000,49,"phal_FIL20_105_A_M2_1_Chr01","phal_FIL20_105_A_M2_1","Chr01"
"50",2.03020634300604,2.00915631159886,2082001,2287000,50,"phal_FIL20_105_A_M2_1_Chr01","phal_FIL20_105_A_M2_1","Chr01"
"51",1.99418238653708,1.97560563743077,2122001,2327000,51,"phal_FIL20_105_A_M2_1_Chr01","phal_FIL20_105_A_M2_1","Chr01"
"52",1.95907948496653,1.96568109240127,2162001,2367000,52,"phal_FIL20_105_A_M2_1_Chr01","phal_FIL20_105_A_M2_1","Chr01"
"53",1.97774476958245,1.97560563743077,2242001,2407000,53,"phal_FIL20_105_A_M2_1_Chr01","phal_FIL20_105_A_M2_1","Chr01"
"54",1.97679372685013,1.97560563743077,2282001,2447000,54,"phal_FIL20_105_A_M2_1_Chr01","phal_FIL20_105_A_M2_1","Chr01"
"55",2.01286909103436,2.00440109793724,2322001,2487000,55,"phal_FIL20_105_A_M2_1_Chr01","phal_FIL20_105_A_M2_1","Chr01"
"56",2.02844705675045,2.03125448920053,2362001,2527000,56,"phal_FIL20_105_A_M2_1_Chr01","phal_FIL20_105_A_M2_1","Chr01"
"57",2.0497455587814,2.03125448920053,2402001,2567000,57,"phal_FIL20_105_A_M2_1_Chr01","phal_FIL20_105_A_M2_1","Chr01"
"58",2.03848869713138,2.00440109793724,2442001,2607000,58,"phal_FIL20_105_A_M2_1_Chr01","phal_FIL20_105_A_M2_1","Chr01"
"59",2.04425635718522,2.03125448920053,2482001,2647000,59,"phal_FIL20_105_A_M2_1_Chr01","phal_FIL20_105_A_M2_1","Chr01"
"60",2.00688437618275,2.00272320723081,2522001,2687000,60,"phal_FIL20_105_A_M2_1_Chr01","phal_FIL20_105_A_M2_1","Chr01"
"61",2.02422305614653,2.00272320723081,2562001,2727000,61,"phal_FIL20_105_A_M2_1_Chr01","phal_FIL20_105_A_M2_1","Chr01"
"62",2.02282076791358,2.00272320723081,2602001,2767000,62,"phal_FIL20_105_A_M2_1_Chr01","phal_FIL20_105_A_M2_1","Chr01"
"63",2.02440155515785,2.01062714345215,2642001,2807000,63,"phal_FIL20_105_A_M2_1_Chr01","phal_FIL20_105_A_M2_1","Chr01"
"64",2.01691459262696,1.99580458555197,2682001,2847000,64,"phal_FIL20_105_A_M2_1_Chr01","phal_FIL20_105_A_M2_1","Chr01"
"65",2.04266985797259,2.01062714345215,2722001,2967000,65,"phal_FIL20_105_A_M2_1_Chr01","phal_FIL20_105_A_M2_1","Chr01"
"66",2.01221792664105,1.99580458555197,2762001,3007000,66,"phal_FIL20_105_A_M2_1_Chr01","phal_FIL20_105_A_M2_1","Chr01"
"67",2.0064231347375,1.99580458555197,2802001,3047000,67,"phal_FIL20_105_A_M2_1_Chr01","phal_FIL20_105_A_M2_1","Chr01"
"68",1.93818653268931,1.96568823236172,2842001,3087000,68,"phal_FIL20_105_A_M2_1_Chr01","phal_FIL20_105_A_M2_1","Chr01"
"69",1.93028116847588,1.96209683225392,2962001,3127000,69,"phal_FIL20_105_A_M2_1_Chr01","phal_FIL20_105_A_M2_1","Chr01"
"70",1.96423310842142,1.96209683225392,3002001,3167000,70,"phal_FIL20_105_A_M2_1_Chr01","phal_FIL20_105_A_M2_1","Chr01"
"71",1.98310545189048,1.96209683225392,3042001,3207000,71,"phal_FIL20_105_A_M2_1_Chr01","phal_FIL20_105_A_M2_1","Chr01"
"72",1.99445941700265,2.01886665781478,3082001,3247000,72,"phal_FIL20_105_A_M2_1_Chr01","phal_FIL20_105_A_M2_1","Chr01"
"73",2.06888208078721,2.04155745213403,3122001,3287000,73,"phal_FIL20_105_A_M2_1_Chr01","phal_FIL20_105_A_M2_1","Chr01"
"74",2.08754450941895,2.04958990764352,3162001,3327000,74,"phal_FIL20_105_A_M2_1_Chr01","phal_FIL20_105_A_M2_1","Chr01"
"75",2.02846847663181,2.04155745213403,3202001,3367000,75,"phal_FIL20_105_A_M2_1_Chr01","phal_FIL20_105_A_M2_1","Chr01"
"76",2.01573507116014,2.01886665781478,3242001,3407000,76,"phal_FIL20_105_A_M2_1_Chr01","phal_FIL20_105_A_M2_1","Chr01"
"77",2.03408762550823,2.04155745213403,3282001,3447000,77,"phal_FIL20_105_A_M2_1_Chr01","phal_FIL20_105_A_M2_1","Chr01"
"78",2.00036559228927,1.99638292234865,3322001,3487000,78,"phal_FIL20_105_A_M2_1_Chr01","phal_FIL20_105_A_M2_1","Chr01"
"79",2.02070019965908,1.99638292234865,3362001,3567000,79,"phal_FIL20_105_A_M2_1_Chr01","phal_FIL20_105_A_M2_1","Chr01"
"80",2.01111837273131,1.99638292234865,3402001,3607000,80,"phal_FIL20_105_A_M2_1_Chr01","phal_FIL20_105_A_M2_1","Chr01"
"81",2.00137518269731,1.94766697217865,3442001,3647000,81,"phal_FIL20_105_A_M2_1_Chr01","phal_FIL20_105_A_M2_1","Chr01"
"82",1.88354932957267,1.9243692812209,3482001,3687000,82,"phal_FIL20_105_A_M2_1_Chr01","phal_FIL20_105_A_M2_1","Chr01"
"83",1.97380556965754,1.94766697217865,3562001,3727000,83,"phal_FIL20_105_A_M2_1_Chr01","phal_FIL20_105_A_M2_1","Chr01"
"84",1.91822097753186,1.9243692812209,3602001,3767000,84,"phal_FIL20_105_A_M2_1_Chr01","phal_FIL20_105_A_M2_1","Chr01"
"85",1.93394602643329,1.94766697217865,3642001,3807000,85,"phal_FIL20_105_A_M2_1_Chr01","phal_FIL20_105_A_M2_1","Chr01"
"86",1.94649950490154,2.00299452572802,3682001,3847000,86,"phal_FIL20_105_A_M2_1_Chr01","phal_FIL20_105_A_M2_1","Chr01"
"87",1.99074806555924,2.00299452572802,3722001,3887000,87,"phal_FIL20_105_A_M2_1_Chr01","phal_FIL20_105_A_M2_1","Chr01"
"88",1.93845071122607,2.00299452572802,3762001,3927000,88,"phal_FIL20_105_A_M2_1_Chr01","phal_FIL20_105_A_M2_1","Chr01"
"89",1.95343891620876,2.00299452572802,3802001,3967000,89,"phal_FIL20_105_A_M2_1_Chr01","phal_FIL20_105_A_M2_1","Chr01"
"90",1.96539121000688,2.01043436451992,3842001,4007000,90,"phal_FIL20_105_A_M2_1_Chr01","phal_FIL20_105_A_M2_1","Chr01"
"91",1.97670233535633,2.06274171479773,3882001,4047000,91,"phal_FIL20_105_A_M2_1_Chr01","phal_FIL20_105_A_M2_1","Chr01"
"92",2.06291735782487,2.06275599471864,3922001,4087000,92,"phal_FIL20_105_A_M2_1_Chr01","phal_FIL20_105_A_M2_1","Chr01"
"93",2.06761830778705,2.06698999126719,3962001,4127000,93,"phal_FIL20_105_A_M2_1_Chr01","phal_FIL20_105_A_M2_1","Chr01"
"94",2.0380017518285,2.06698999126719,4002001,4167000,94,"phal_FIL20_105_A_M2_1_Chr01","phal_FIL20_105_A_M2_1","Chr01"
"95",2.08082295064861,2.08624646460861,4042001,4207000,95,"phal_FIL20_105_A_M2_1_Chr01","phal_FIL20_105_A_M2_1","Chr01"
"96",2.06831659591934,2.08624646460861,4082001,4247000,96,"phal_FIL20_105_A_M2_1_Chr01","phal_FIL20_105_A_M2_1","Chr01"
"97",2.04449340387226,2.05470211932779,4122001,4287000,97,"phal_FIL20_105_A_M2_1_Chr01","phal_FIL20_105_A_M2_1","Chr01"
"98",2.01704168392302,2.00445821762086,4162001,4327000,98,"phal_FIL20_105_A_M2_1_Chr01","phal_FIL20_105_A_M2_1","Chr01"
"99",2.05648425345682,2.00445821762086,4202001,4367000,99,"phal_FIL20_105_A_M2_1_Chr01","phal_FIL20_105_A_M2_1","Chr01"
